Player,Age,Team,Pos,FGA,X3PA,X2PA,FTA,ORB,DRB,TRB,AST,STL,BLK,TOV,PF,PTS,Salary
Shai Gilgeous-Alexander,26,OKC,PG,1656,435,1221,669,67,312,379,486,131,77,183,164,2484,38333050
Anthony Edwards,23,MIN,SG,1612,811,801,496,61,389,450,359,91,51,249,150,2177,45550512
Nikola Jokić,29,DEN,C,1364,331,1033,451,200,692,892,716,127,45,230,160,2071,55224526
Giannis Antetokounmpo,30,MIL,PF,1319,63,1256,707,147,651,798,433,58,78,206,155,2036,54126450
Jayson Tatum,26,BOS,PF,1465,728,737,440,48,575,623,431,76,38,209,157,1932,54126450
Devin Booker,28,PHO,SG,1420,551,869,483,76,229,305,529,67,16,220,198,1923,53142264
Trae Young,26,ATL,PG,1376,642,734,561,36,200,236,880,91,12,355,145,1841,45999660
Tyler Herro,25,MIA,SG,1378,670,708,327,35,364,399,424,69,17,198,85,1840,31000000
Cade Cunningham,23,DET,PG,1457,418,1039,370,56,369,425,638,71,53,309,195,1830,46394100
James Harden,35,LAC,PG,1295,668,627,578,55,401,456,687,118,55,341,162,1802,39182693
Karl-Anthony Towns,29,NYK,C,1215,338,877,409,212,708,920,222,71,50,192,249,1759,53142264
Zach LaVine,29,2TM,SG,1223,536,687,285,22,293,315,310,58,12,208,121,1724,47499660
Jalen Green,22,HOU,SG,1437,661,776,336,45,332,377,282,71,27,203,127,1723,33584499
Stephen Curry,36,GSW,PG,1258,784,474,299,40,270,310,421,80,30,200,95,1718,59606817
DeMar DeRozan,35,SAC,SF,1308,256,1052,441,50,248,298,342,62,32,105,150,1710,24570000
LeBron James,40,LAL,SF,1270,396,874,331,72,474,546,575,70,39,260,99,1710,52627153
Donovan Mitchell,28,CLE,SG,1320,633,687,362,57,265,322,354,95,17,149,140,1701,46394100
Jalen Brunson,28,NYK,PG,1200,397,803,448,27,160,187,475,60,8,164,138,1690,34944001
Kevin Durant,36,PHO,PF,1124,372,752,361,23,351,374,263,50,77,190,104,1647,54708609
Jaren Jackson Jr.,25,MEM,C,1213,389,824,398,91,326,417,148,92,113,153,257,1641,35000000
Pascal Siakam,30,IND,PF,1182,324,858,308,133,407,540,263,70,42,109,189,1578,45550512
Darius Garland,25,CLE,PG,1174,529,645,255,47,167,214,506,91,11,189,143,1544,39446090
Coby White,24,CHI,SG,1121,584,537,307,25,248,273,330,69,16,177,154,1509,12888889
Jalen Williams,23,OKC,SG,1168,340,828,299,59,310,369,354,111,46,150,158,1490,6580997
Austin Reaves,26,LAL,SG,1037,531,506,366,61,268,329,421,81,22,177,151,1475,13937574
De'Aaron Fox,27,2TM,PG,1163,381,782,318,54,244,298,392,91,25,174,164,1459,37096620
Alperen Şengün,22,HOU,C,1143,90,1053,428,262,524,786,372,84,61,194,209,1451,33944954
Franz Wagner,23,ORL,SF,1161,352,809,311,56,286,342,284,75,21,138,147,1449,38661750
Damian Lillard,34,MIL,PG,992,524,468,393,29,243,272,410,70,10,162,97,1447,68230450
Mikal Bridges,28,NYK,SF,1183,463,720,118,71,188,259,306,75,43,132,127,1444,24900000
Jamal Murray,27,DEN,PG,1121,397,724,246,45,216,261,403,91,33,138,128,1436,46394100
Bam Adebayo,27,MIA,C,1113,221,892,328,185,564,749,337,98,53,161,162,1410,37096620
Luka Dončić,25,2TM,PG,1025,481,544,395,40,369,409,383,89,21,179,126,1408,45999660
Jaylen Brown,28,BOS,SF,1118,358,760,322,82,286,368,286,73,19,162,154,1398,53142264
Michael Porter Jr.,26,DEN,SF,1048,489,559,194,138,402,540,165,50,38,104,157,1398,38333050
Jordan Poole,25,WAS,SG,1057,622,435,274,31,172,203,303,86,27,204,201,1391,31848215
Tyrese Maxey,24,PHI,PG,1091,478,613,289,15,159,174,317,91,21,124,116,1369,37958760
Tyrese Haliburton,24,IND,PG,1006,562,444,222,42,216,258,673,105,49,120,92,1359,45550512
Nikola Vučević,34,CHI,C,1038,321,717,149,178,557,735,256,61,52,119,163,1349,21481481
Anfernee Simons,25,POR,SG,1125,593,532,194,25,164,189,337,60,5,143,117,1348,27678571
Ivica Zubac,27,LAC,C,942,0,942,236,300,710,1010,214,55,90,127,168,1340,18102000
Domantas Sabonis,28,SAC,C,893,156,737,289,267,705,972,423,48,26,202,229,1337,42336000
Shaedon Sharpe,21,POR,SG,1104,472,632,242,68,256,324,198,62,16,150,120,1335,8399983
OG Anunoby,27,NYK,PF,1027,460,567,226,97,261,358,164,110,65,102,172,1332,39568966
Desmond Bane,26,MEM,SG,1018,418,600,198,62,356,418,369,80,28,169,164,1327,36725670
Evan Mobley,23,CLE,PF,906,230,676,305,164,495,659,226,61,113,145,141,1316,46394100
Norman Powell,31,LAC,SG,945,428,517,265,21,169,190,125,73,9,108,114,1306,20482758
Miles Bridges,26,CHO,PF,1089,450,639,254,72,409,481,248,44,45,136,93,1300,25000000
Julius Randle,30,MIN,PF,939,314,625,335,144,343,487,323,47,16,196,175,1288,30864198
Anthony Davis,31,2TM,C,910,124,786,369,134,456,590,181,59,110,113,98,1261,54126450
Scottie Barnes,23,TOR,PF,1063,280,783,302,109,393,502,378,93,63,185,113,1252,38661750
Derrick White,30,BOS,SG,959,691,268,161,67,274,341,361,72,80,131,138,1248,28100000
Kyrie Irving,32,DAL,SG,945,359,586,214,60,180,240,231,66,23,111,101,1234,36566002
RJ Barrett,24,TOR,SF,982,306,676,311,61,305,366,314,46,17,165,137,1223,27705357
Deni Avdija,24,POR,SF,844,342,502,372,110,412,522,281,71,35,196,171,1219,14375000
Christian Braun,23,DEN,SG,821,224,597,214,98,312,410,205,85,37,81,170,1218,4921797
Paolo Banchero,22,ORL,PF,911,272,639,385,51,294,345,219,36,28,136,97,1191,15334769
Stephon Castle,20,SAS,SG,988,333,655,344,89,208,297,332,74,22,177,164,1190,9560520
LaMelo Ball,23,CHO,PG,1003,528,475,229,47,185,232,346,54,13,167,157,1184,37958760
CJ McCollum,33,NOP,PG,1000,459,541,173,42,170,212,227,46,24,106,124,1183,30666666
Ja Morant,25,MEM,PG,889,285,604,319,34,171,205,364,61,12,185,113,1159,39446090
Collin Sexton,26,UTA,SG,867,271,596,251,60,111,171,264,47,6,160,144,1159,18975000
Bennedict Mathurin,22,IND,SF,853,288,565,332,87,296,383,136,47,24,135,162,1156,9187573
Payton Pritchard,27,BOS,PG,866,626,240,84,102,205,307,279,70,14,83,118,1144,7232143
Naz Reid,25,MIN,C,923,462,461,143,92,388,480,181,58,72,108,189,1138,21551724
Keyonte George,21,UTA,PG,919,507,412,285,26,227,253,377,46,9,183,111,1125,4278960
Trey Murphy III,24,NOP,SF,839,438,401,230,47,221,268,188,56,39,103,112,1124,25000000
Myles Turner,28,IND,C,811,394,417,238,90,381,471,111,54,144,123,183,1120,25318251
Malik Monk,26,SAC,SG,939,428,511,178,30,215,245,362,61,38,159,158,1117,18797619
Victor Wembanyama,21,SAS,C,857,403,454,189,82,424,506,168,52,176,149,105,1116,13376880
Jarrett Allen,26,CLE,C,640,5,635,277,216,582,798,158,77,73,97,127,1103,20000000
Quentin Grimes,24,2TM,SG,823,421,402,214,59,265,324,228,74,22,141,138,1092,8741209
De'Andre Hunter,27,2TM,SF,762,388,374,254,44,214,258,92,50,13,82,155,1088,23303571
Andrew Wiggins,29,2TM,SF,839,348,491,257,89,180,269,158,60,50,99,101,1078,28223215
Dyson Daniels,21,ATL,SG,923,235,688,140,124,325,449,333,229,55,155,175,1073,7707709
Cameron Johnson,28,BRK,PF,747,408,339,225,54,193,247,194,53,25,99,104,1070,21057065
Dillon Brooks,29,HOU,SF,895,469,426,121,75,200,275,128,60,16,76,242,1053,21124110
Josh Hart,29,NYK,SG,770,252,518,205,161,576,737,453,119,27,158,201,1051,19472240
Brook Lopez,36,MIL,C,774,373,401,138,113,288,401,143,50,148,84,171,1041,8750000
Devin Vassell,24,SAS,SG,889,429,460,120,34,221,255,183,84,33,88,108,1041,27000000
Josh Giddey,22,CHI,PG,798,278,520,224,127,439,566,503,84,45,202,122,1022,25000000
Harrison Barnes,32,SAS,PF,683,360,323,199,97,213,310,136,39,14,50,75,1011,19000000
Klay Thompson,34,DAL,SF,877,553,324,74,44,202,246,145,50,30,88,81,1005,16666667
Tobias Harris,32,DET,PF,805,264,541,166,65,367,432,162,74,57,85,138,1002,26634146
Jaden McDaniels,24,MIN,PF,834,303,531,128,129,341,470,163,110,74,95,225,1000,24393104
Onyeka Okongwu,24,ATL,C,684,148,536,216,220,440,660,168,69,68,90,193,988,15000000
Dennis Schröder,31,3TM,PG,827,371,456,216,27,171,198,404,66,12,142,180,980,14104000
Dennis Schröder,31,BRK,PG,325,150,175,81,4,64,68,152,26,4,59,56,424,14104000
Dennis Schröder,31,GSW,SG,251,115,136,39,10,46,56,105,25,3,48,67,254,14104000
Dennis Schröder,31,DET,PG,251,106,145,96,13,61,74,147,15,5,35,57,302,14104000
Keldon Johnson,25,SAS,SF,770,274,496,194,112,259,371,125,49,22,77,115,979,17500000
Amen Thompson,22,HOU,SF,697,91,606,247,192,372,564,265,97,89,138,167,970,9690600
Jimmy Butler,35,2TM,SF,597,104,493,392,125,171,296,298,77,18,74,52,964,54126450
Kyle Kuzma,29,2TM,PF,848,313,535,202,54,316,370,152,36,19,146,119,964,22410605
Keegan Murray,24,SAC,PF,820,449,371,72,146,361,507,109,61,69,60,186,942,11144093
Zaccharie Risacher,19,ATL,SF,779,344,435,149,86,182,268,92,52,37,92,149,942,13197720
Jalen Duren,21,DET,C,546,0,546,242,277,530,807,209,54,89,136,251,918,6483144
Naji Marshall,27,DAL,SF,712,218,494,160,76,252,328,208,70,11,112,109,914,9000000
Aaron Wiggins,26,OKC,SG,728,339,389,89,81,214,295,134,60,18,69,101,914,10102803
Buddy Hield,32,GSW,SG,786,549,237,64,51,213,264,134,69,23,91,132,912,9219512
Kelly Oubre Jr.,29,PHI,SF,741,242,499,185,97,271,368,108,92,30,80,180,906,8382150
Bradley Beal,31,PHO,SG,694,264,430,137,34,143,177,195,58,28,99,136,902,59020270
Lauri Markkanen,27,UTA,PF,700,399,301,185,72,206,278,70,33,17,66,79,892,46394100
Toumani Camara,24,POR,PF,716,360,356,126,173,277,450,175,116,50,109,230,882,2221677
Ty Jerome,27,CLE,SG,618,253,365,148,50,123,173,237,78,3,92,102,878,8781000
Alex Sarr,19,WAS,C,828,341,487,165,124,311,435,161,44,101,114,146,869,11808240
Rudy Gobert,32,MIN,C,510,0,510,273,265,520,785,127,56,104,89,182,866,35000000
Tim Hardaway Jr.,32,DET,SG,680,457,223,145,18,165,183,123,38,7,48,96,844,2296274
Fred VanVleet,30,HOU,PG,759,461,298,137,32,189,221,333,94,25,87,140,844,25000000
Jonas Valančiūnas,32,2TM,C,627,37,590,165,190,437,627,164,37,46,120,181,843,10395000
Keon Johnson,22,BRK,SG,779,401,378,139,63,234,297,175,82,30,116,209,839,2349578
Scoot Henderson,20,POR,PG,685,297,388,206,52,146,198,335,68,13,177,181,837,10748040
P.J. Washington,26,DAL,PF,665,239,426,198,82,360,442,131,63,60,118,131,836,14152174
Obi Toppin,26,IND,PF,599,301,298,114,56,262,318,128,46,28,68,108,833,14000000
Tyus Jones,28,PHO,PG,683,401,282,57,40,156,196,429,69,8,91,63,829,7000000
Jakob Poeltl,29,TOR,C,579,3,576,144,189,358,547,158,66,71,111,176,824,19500000
Gary Trent Jr.,26,MIL,SG,657,433,224,92,20,148,168,87,72,4,42,124,824,3697105
Jaylen Wells,21,MEM,SG,676,392,284,135,87,181,268,135,44,8,69,146,823,1955377
Kristaps Porziņģis,29,BOS,C,574,250,324,199,68,216,284,87,31,63,53,116,818,30731707
Duncan Robinson,30,MIA,SF,663,483,180,53,18,149,167,176,40,6,86,135,817,26722692
Julian Champagnie,23,SAS,SF,665,480,185,94,67,251,318,111,61,35,74,114,815,3000000
Santi Aldama,24,MEM,PF,648,326,322,94,94,322,416,188,52,29,71,76,811,18485916
Bub Carrington,19,WAS,PG,748,407,341,85,33,308,341,364,54,21,141,190,807,4677600
Kawhi Leonard,33,LAC,SF,623,190,433,121,35,184,219,116,59,17,72,56,796,50000000
Georges Niang,31,2TM,PF,620,409,211,58,47,225,272,111,28,14,82,201,784,8200000
Derrick Jones Jr.,27,LAC,SF,589,219,370,118,93,170,263,60,79,33,66,153,781,10000000
Scotty Pippen Jr.,24,MEM,PG,594,219,375,171,65,194,259,347,103,30,138,203,779,2270735
Gradey Dick,21,TOR,SG,647,326,321,155,44,149,193,98,48,10,83,120,777,4990560
Caris LeVert,30,2TM,SG,599,284,315,155,41,162,203,215,57,33,76,99,776,14104000
Rui Hachimura,26,LAL,PF,576,247,329,113,79,216,295,83,45,26,49,105,775,18259259
Nickeil Alexander-Walker,26,MIN,SG,616,370,246,118,54,211,265,223,50,34,99,139,773,15161800
Brice Sensabaugh,21,UTA,SF,599,372,227,73,42,168,210,110,46,8,107,111,772,2693760
Kevin Porter Jr.,24,2TM,SG,652,177,475,169,42,236,278,256,81,13,136,119,771,5134000
Guerschon Yabusele,29,PHI,C,563,274,289,138,134,261,395,148,58,24,87,164,768,5500000
John Collins,27,UTA,PF,531,148,383,164,89,238,327,80,39,40,103,116,758,26580000
Isaiah Joe,25,OKC,SG,588,466,122,56,41,155,196,119,48,9,38,113,756,12362338
Jalen Wilson,24,BRK,PF,620,362,258,165,75,195,270,145,40,5,79,164,749,2221677
Max Christie,21,2TM,SG,590,314,276,152,38,220,258,146,64,31,88,115,749,7714286
Aaron Gordon,29,DEN,PF,497,172,325,179,80,167,247,164,23,14,73,82,748,22841455
Brandin Podziemski,21,GSW,SG,629,309,320,95,65,260,325,220,69,13,75,95,747,3687960
Zion Williamson,24,NOP,PF,508,13,495,241,76,140,216,159,37,27,90,82,737,39446090
Anthony Black,21,ORL,PG,620,195,425,197,52,178,230,240,86,48,139,166,736,7970280
D'Angelo Russell,28,2TM,PG,638,360,278,145,20,142,162,297,56,23,108,115,732,5685000
Bilal Coulibaly,20,WAS,SF,624,224,400,185,91,203,294,199,78,41,125,139,727,7275600
Nic Claxton,25,BRK,C,568,21,547,154,157,358,515,157,62,100,87,150,724,25352272
Moses Moody,22,GSW,SG,568,337,231,133,52,137,189,96,59,31,54,116,724,11574075
Donte DiVincenzo,28,MIN,SG,593,438,155,63,32,196,228,225,73,17,99,114,723,11990000
Chris Paul,39,SAS,PG,583,371,212,92,33,263,296,605,103,22,129,151,723,2296274
T.J. McConnell,32,IND,PG,624,49,575,77,44,149,193,351,83,21,109,79,720,10200000
Luguentz Dort,25,OKC,SF,593,413,180,46,89,204,293,115,79,39,51,208,719,18222222
Jonathan Kuminga,22,GSW,PF,568,151,417,235,56,161,217,104,38,21,71,90,719,22500000
Dalton Knecht,23,LAL,SF,557,340,217,84,37,179,216,66,24,8,37,93,706,4010160
Corey Kispert,25,WAS,SF,565,330,235,88,36,145,181,103,26,14,64,98,705,13975000
Daniel Gafford,26,DAL,C,403,0,403,196,155,233,388,80,23,102,66,152,701,14386320
Jabari Smith Jr.,21,HOU,PF,566,277,289,126,105,294,399,60,25,41,61,123,698,12350392
Amir Coffey,27,LAC,SG,510,247,263,129,32,129,161,77,40,7,45,120,696,2296274
Kyle Filipowski,21,UTA,C,518,220,298,143,112,328,440,140,48,22,102,171,690,3000000
Matas Buzelis,20,CHI,SF,555,266,289,108,55,223,278,79,29,75,74,128,688,5455560
Tari Eason,23,HOU,PF,559,184,375,104,128,234,362,83,97,50,65,136,686,5675766
Jrue Holiday,34,BOS,PG,573,306,267,77,76,189,265,239,66,27,77,101,686,32400000
Kevin Huerter,26,2TM,SG,604,391,213,49,30,175,205,156,66,23,67,121,681,17991071
Grayson Allen,29,PHO,SG,489,350,139,114,34,160,194,137,54,19,75,95,680,16875000
Jalen Johnson,23,ATL,SF,542,141,401,126,62,297,359,181,56,36,106,67,680,30000000
Royce O'Neale,31,PHO,SF,570,441,129,26,53,296,349,163,67,34,65,151,680,10125000
Bobby Portis,29,MIL,PF,595,178,417,73,90,321,411,104,35,26,57,94,680,13445754
Terry Rozier,30,MIA,PG,635,308,327,108,44,194,238,167,37,14,78,73,679,26643031
Jerami Grant,30,POR,PF,574,296,278,166,26,137,163,101,41,46,65,109,677,32000001
Kentavious Caldwell-Pope,31,ORL,SG,544,330,214,95,33,136,169,136,99,34,62,136,673,21621500
Mark Williams,23,CHO,C,447,4,443,163,132,315,447,109,32,54,71,105,671,6276531
Ochai Agbaji,24,TOR,SG,534,253,281,48,61,181,242,98,58,30,54,125,667,6383525
Keon Ellis,25,SAC,SG,464,321,143,86,60,152,212,120,121,63,71,176,666,2301587
Paul George,34,PHI,PF,570,268,302,97,24,195,219,178,75,20,106,101,665,51666090
Yves Missi,20,NOP,C,492,1,491,204,255,346,601,99,37,98,82,145,665,3353040
Taurean Prince,30,MIL,SF,514,335,179,48,34,253,287,155,76,15,82,165,656,3303774
Andrew Nembhard,25,IND,SG,539,175,364,136,34,182,216,326,79,11,112,149,653,18102000
Walker Kessler,23,UTA,C,419,34,385,152,266,441,707,97,36,138,86,130,641,4878938
Isaiah Hartenstein,26,OKC,C,480,19,461,117,163,448,611,219,47,62,96,171,637,28500000
Ziaire Williams,23,BRK,SF,520,302,218,123,61,226,287,84,62,28,67,149,632,6250000
Cole Anthony,24,ORL,PG,543,218,325,113,46,158,204,191,45,32,103,151,630,15396274
Wendell Carter Jr.,25,ORL,C,491,158,333,175,151,341,492,134,52,41,77,199,618,10850000
Jeremy Sochan,21,SAS,PF,469,91,378,125,127,225,352,128,45,27,84,131,617,7096231
Isaiah Collier,20,UTA,PG,555,169,386,154,32,203,235,446,66,16,208,149,615,2638200
Draymond Green,34,GSW,PF,509,246,263,147,74,340,414,383,99,70,174,219,613,25892857
Miles McBride,24,NYK,SG,547,312,235,64,47,114,161,187,67,17,41,108,611,4333333
Zach Edey,22,MEM,C,433,52,381,127,232,316,548,65,36,85,88,182,610,6045000
Sam Hauser,27,BOS,PF,474,399,75,11,44,180,224,64,41,13,23,87,605,10044644
Jordan Hawkins,22,NOP,SG,556,332,224,98,25,133,158,66,30,23,58,51,604,4741320
Jordan Clarkson,32,UTA,SG,493,232,261,143,25,93,118,138,31,9,86,52,600,16581988
Cam Thomas,23,BRK,SG,454,195,259,151,15,68,83,94,15,2,62,44,599,5993172
Kel'el Ware,20,MIA,C,464,111,353,67,116,357,473,60,39,71,57,111,595,4443360
Ausar Thompson,22,DET,SF,460,49,411,142,111,192,303,134,98,40,80,164,594,8775000
Nick Smith Jr.,20,CHO,SG,568,306,262,46,13,115,128,145,17,6,82,79,591,2710680
Kyshawn George,21,WAS,SG,546,354,192,93,49,236,285,169,68,50,97,201,590,2966760
Julian Strawther,22,DEN,SG,486,269,217,90,17,125,142,83,39,16,57,151,588,2674200
Davion Mitchell,26,2TM,PG,476,211,265,84,35,132,167,363,72,16,128,185,588,11600000
Bogdan Bogdanović,32,2TM,SG,492,289,203,66,24,135,159,146,41,11,74,127,583,16020000
Mike Conley,37,MIN,PG,468,310,158,90,32,150,182,319,79,14,75,111,582,10774038
Jose Alvarado,26,NOP,PG,521,309,212,74,27,109,136,259,74,14,86,91,579,4500000
Deandre Ayton,26,POR,C,468,32,436,60,124,282,406,64,31,39,69,88,576,43654814
Luke Kennard,28,MEM,SG,431,261,170,57,37,146,183,215,50,5,72,59,576,11000000
Jaime Jaquez Jr.,23,MIA,SF,462,119,343,142,84,206,290,166,61,14,98,81,570,3861600
Brandon Miller,22,CHO,SF,491,293,198,79,25,106,131,98,29,20,76,74,568,11968800
Cason Wallace,21,OKC,SG,489,208,281,37,71,158,229,173,120,35,59,145,568,5820240
Jalen Suggs,23,ORL,PG,481,242,239,110,23,118,141,129,51,33,102,98,567,35000000
Ayo Dosunmu,25,CHI,SG,449,189,260,79,26,135,161,208,43,18,69,105,566,7518518
Patrick Williams,23,CHI,PF,516,272,244,83,43,194,237,124,48,32,86,88,566,18000000
Immanuel Quickley,25,TOR,PG,438,225,213,128,16,101,117,191,23,4,58,61,564,32500000
Peyton Watson,22,DEN,SF,428,136,292,137,47,186,233,94,48,93,56,123,551,4356476
Dorian Finney-Smith,31,2TM,PF,435,314,121,45,80,167,247,90,58,23,56,136,549,12700000
Justin Champagnie,23,WAS,SF,411,193,218,73,112,239,351,60,65,39,54,110,544,2349578
Dejounte Murray,28,NOP,PG,494,174,320,124,17,183,200,228,63,12,106,61,542,30801103
A.J. Green,25,MIL,SG,424,363,61,27,18,156,174,108,37,7,40,157,541,2301587
Aaron Nesmith,25,IND,SF,379,195,184,80,37,141,178,54,35,17,37,114,541,11000000
Al Horford,38,BOS,C,461,314,147,38,79,290,369,128,36,51,46,81,538,5685000
Brandon Clarke,28,MEM,PF,380,17,363,87,127,199,326,66,52,36,41,145,534,12500000
Tristan Da Silva,23,ORL,SF,483,239,244,63,73,172,245,113,33,18,56,94,533,3809520
Jamal Shead,22,TOR,PG,504,223,281,69,30,85,115,316,58,10,117,158,533,1955377
Ricky Council IV,23,PHI,SF,463,213,250,153,51,163,214,97,32,13,52,67,532,2221677
Nick Richards,27,2TM,C,347,2,345,160,148,318,466,49,14,55,81,141,529,5000000
Jaden Ivey,22,DET,SG,413,154,259,116,40,84,124,119,28,11,89,67,528,10107163
Jalen Smith,24,CHI,C,408,222,186,89,89,268,357,65,17,44,37,95,524,9000000
Tyrese Martin,25,BRK,SG,465,282,183,58,58,161,219,122,34,9,74,77,523,2191897
Ron Holland,19,DET,SF,416,151,265,122,40,178,218,82,49,17,72,141,522,8657280
Terance Mann,28,2TM,SG,413,163,250,68,68,131,199,121,47,15,47,128,517,15500000
Ryan Dunn,22,PHO,SF,477,264,213,39,92,175,267,57,44,40,40,162,511,2657760
Sam Merrill,28,CLE,SG,424,368,56,29,38,119,157,108,53,14,35,124,509,8482144
Josh Green,24,CHO,SG,421,248,173,72,56,116,172,108,74,15,70,165,506,13666667
Goga Bitadze,25,ORL,C,339,28,311,133,167,296,463,137,49,98,72,150,502,8333333
Chris Boucher,32,TOR,PF,370,193,177,87,70,154,224,33,24,25,29,68,502,2296274
Jaden Hardy,22,DAL,SG,414,197,217,86,9,80,89,81,28,5,82,90,496,6000000
Nikola Jović,21,MIA,PF,377,210,167,87,26,154,180,131,38,13,60,82,494,4445417
Clint Capela,30,ATL,C,390,1,389,97,174,295,469,62,34,53,47,106,488,6700000
Chet Holmgren,22,OKC,C,341,116,225,134,48,209,257,63,23,71,56,72,479,13731368
Haywood Highsmith,28,MIA,SF,391,233,158,43,72,180,252,112,68,37,54,164,478,5616000
Cam Whitmore,20,HOU,SF,403,183,220,72,36,115,151,49,31,13,46,44,477,3539760
Kris Dunn,30,LAC,PG,437,224,213,22,53,198,251,210,128,27,74,197,474,5426400
Max Strus,28,CLE,SF,373,293,80,34,53,164,217,158,26,12,54,104,471,15936452
Jarace Walker,21,IND,PF,360,185,175,69,25,204,229,110,54,25,78,115,461,6665520
Gabe Vincent,28,LAL,PG,420,309,111,21,20,72,92,98,51,13,41,152,460,11500000
Jake LaRavia,23,2TM,PF,337,142,195,115,90,169,259,158,62,23,86,132,458,6000000
Jusuf Nurkić,30,2TM,C,352,105,247,128,85,313,398,115,40,34,97,130,453,19375000
Joel Embiid,30,PHI,C,315,77,238,169,36,119,155,85,14,18,62,42,452,55224526
Trendon Watford,24,BRK,PF,350,88,262,122,37,123,160,115,27,12,83,95,450,2461463
Ja'Kobe Walter,20,TOR,SG,393,186,207,83,59,101,160,81,43,10,50,95,449,3638160
Simone Fontecchio,29,DET,SF,373,227,146,84,52,163,215,65,31,12,54,95,446,8307692
Justin Edwards,21,PHI,SF,378,190,188,46,46,102,148,69,45,16,49,98,445,2048494
Luke Kornet,29,BOS,C,280,3,277,97,190,198,388,117,36,71,31,119,441,11000000
Khris Middleton,33,2TM,SF,337,133,204,84,13,124,137,150,35,8,56,75,440,33296296
Jay Huff,26,MEM,C,305,200,105,56,30,99,129,38,16,56,34,78,439,2349578
Donovan Clingan,20,POR,C,334,49,285,104,217,310,527,77,34,110,72,189,436,7178400
Kenrich Williams,30,OKC,PF,354,171,183,39,65,176,241,97,43,10,39,110,436,7163000
Isaiah Stewart,23,DET,C,315,53,262,87,130,269,399,123,28,101,68,183,435,15000000
Thomas Bryant,27,2TM,C,321,148,173,64,83,168,251,53,28,41,30,76,429,2296274
Noah Clowney,20,BRK,PF,372,261,111,80,43,138,181,40,24,21,46,105,420,3398640
Jamison Battle,23,TOR,SF,347,259,88,18,37,121,158,53,17,10,27,92,419,1955377
Vit Krejci,24,ATL,PG,292,206,86,45,22,134,156,147,36,26,50,105,412,2349578
Trayce Jackson-Davis,24,GSW,C,302,3,299,102,122,189,311,104,23,38,45,73,407,2221677
Zach Collins,27,2TM,PF,302,106,196,78,102,186,288,111,29,29,60,132,407,18080496
Moussa Diabaté,23,CHO,C,280,6,274,116,187,251,438,56,46,40,61,109,403,2270735
Brandon Ingram,27,NOP,SF,333,115,218,55,17,83,100,93,16,11,69,45,400,38095238
Gary Payton II,32,GSW,SG,298,95,203,38,53,132,185,83,52,17,39,108,400,2296274
Day'Ron Sharpe,23,BRK,C,317,45,272,74,149,181,330,91,41,42,63,113,397,6250000
Jonathan Mogbo,23,TOR,PF,356,70,286,82,109,202,311,146,55,34,70,136,389,1955377
Moritz Wagner,27,ORL,C,249,75,174,110,40,108,148,42,24,12,49,55,386,5000000
Sandro Mamukelashvili,25,SAS,PF,281,161,120,58,62,125,187,48,22,17,26,60,385,2461463
Kelly Olynyk,33,2TM,C,268,79,189,108,62,144,206,128,33,19,76,123,384,13445122
Jaxson Hayes,24,LAL,C,223,3,220,98,78,191,269,58,31,51,43,136,383,3449323
Alex Caruso,30,OKC,SG,314,170,144,51,38,121,159,137,87,30,37,102,382,18102000
Jonathan Isaac,27,ORL,PF,324,151,173,107,120,194,314,40,61,80,33,90,380,15000000
Precious Achiuwa,25,NYK,C,327,36,291,69,101,216,317,55,47,42,45,81,379,6000000
Marcus Sasser,24,DET,PG,296,152,144,51,18,51,69,133,37,4,54,72,375,2886720
Julian Phillips,21,CHI,SF,287,153,134,76,67,102,169,39,38,20,27,108,366,2221677
Kyle Anderson,31,2TM,PF,303,70,233,65,53,153,206,145,40,33,37,81,357,9219512
Caleb Martin,29,2TM,SF,304,103,201,98,53,124,177,95,46,23,56,87,356,9594044
Tidjane Salaün,19,CHO,PF,345,205,140,94,70,210,280,74,29,14,58,84,353,7863240
Jared McCain,20,PHI,SG,274,133,141,56,13,43,56,60,15,0,37,37,352,4221360
Ryan Rollins,22,MIL,PG,271,120,151,45,21,87,108,104,42,17,53,88,349,4000000
Javonte Green,31,2TM,SG,287,141,146,76,59,159,218,56,65,31,32,98,347,2296274
Kevon Looney,28,GSW,C,278,5,273,99,185,277,462,118,46,37,39,154,344,8000000
Aaron Holiday,28,HOU,PG,268,181,87,41,13,65,78,83,19,11,37,64,340,2296274
Quinten Post,24,GSW,PF,274,179,95,27,35,113,148,56,16,18,33,83,340,1955377
Bruce Brown,28,2TM,PG,309,81,228,65,40,124,164,84,34,10,39,71,340,2296274
Adem Bona,21,PHI,C,192,1,191,100,92,153,245,27,26,69,61,125,337,1955377
Isaac Okoro,24,CLE,SG,267,151,116,46,49,81,130,68,32,16,23,104,337,11000000
Svi Mykhailiuk,27,UTA,SF,302,203,99,35,22,68,90,76,19,7,52,43,334,3675000
Mason Plumlee,34,PHO,C,202,4,198,128,116,339,455,134,33,47,59,154,333,2296274
Ben Sheppard,23,IND,SG,287,199,88,27,44,133,177,85,38,14,22,125,332,2790720
Tre Jones,25,2TM,PG,238,48,190,67,31,85,116,192,37,10,35,55,330,8000000
Dalen Terry,22,CHI,SG,268,104,164,69,38,86,124,97,44,15,53,114,326,5399118
Karlo Matković,23,NOP,PF,235,66,169,44,64,145,209,46,22,41,43,106,325,1955377
Dean Wade,28,CLE,PF,271,222,49,30,51,198,249,76,42,20,22,101,320,6623456
Shake Milton,28,2TM,SG,254,106,148,59,31,73,104,102,25,4,40,67,315,3000000
Dereck Lively II,20,DAL,C,191,0,191,73,104,166,270,85,20,56,41,100,314,5253360
Nicolas Batum,36,LAC,PF,238,203,35,21,47,171,218,84,52,36,34,111,313,5601600
Neemias Queta,25,BOS,C,203,3,200,61,89,147,236,45,18,42,40,106,310,2349578
Marcus Smart,30,2TM,PG,257,141,116,71,18,54,72,109,39,9,54,53,305,26720855
Andre Drummond,31,PHI,C,234,20,214,90,109,201,310,34,39,18,55,94,293,5000000
Kris Murray,24,POR,SF,279,120,159,57,76,106,182,68,35,17,43,66,287,3132000
Landry Shamet,27,NYK,SG,230,156,74,18,11,50,61,27,23,2,22,52,286,2296274
Josh Okogie,26,2TM,SG,212,92,120,85,45,68,113,33,48,18,31,47,283,2296274
Drew Eubanks,27,2TM,C,194,6,188,71,60,166,226,54,12,39,41,63,280,2296274
Jaylin Williams,22,OKC,PF,221,153,68,30,48,214,262,120,22,29,35,79,278,8450704
Brandon Williams,25,DAL,PG,188,60,128,66,12,46,58,76,24,5,39,33,275,2270735
Vasilije Micić,31,2TM,PG,273,125,148,41,20,69,89,128,15,0,77,45,269,8109150
Lonzo Ball,27,CHI,PG,243,195,48,27,25,93,118,115,47,17,41,55,267,10000000
Jett Howard,21,ORL,SF,262,186,76,23,20,50,70,44,13,11,36,68,267,5529720
Eric Gordon,36,PHI,SG,204,137,67,48,8,38,46,65,26,12,28,32,266,2296274
Lindy Waters III,27,2TM,SG,249,186,63,11,20,90,110,52,27,11,20,62,256,2296274
Oso Ighodaro,22,PHO,PF,187,2,185,50,66,156,222,71,28,29,39,102,255,1955377
Pelle Larsson,23,MIA,SG,203,95,108,61,28,64,92,65,32,7,24,91,251,1955377
Malaki Branham,21,SAS,SG,190,84,106,33,7,44,51,38,11,2,34,29,235,4962033
Ajay Mitchell,22,OKC,SG,184,60,124,35,18,50,68,64,25,4,29,68,234,3000000
Andre Jackson Jr.,23,MIL,SG,197,76,121,24,65,117,182,83,34,14,58,114,230,2221677
Cody Williams,20,UTA,SG,257,135,122,40,27,86,113,59,23,16,44,95,230,5742480
Reed Sheppard,20,HOU,PG,239,142,97,16,16,62,78,75,35,17,37,53,229,10603560
Gui Santos,22,GSW,PF,179,103,76,42,72,100,172,80,25,10,42,91,227,2221677
Steven Adams,31,HOU,C,167,2,165,93,166,161,327,66,22,28,54,60,225,14130434
AJ Johnson,20,2TM,SG,213,90,123,37,8,51,59,76,12,3,35,50,220,3090480
Rob Dillingham,20,MIN,PG,211,74,137,15,12,38,50,98,20,1,53,37,219,6576120
Blake Wesley,21,SAS,SG,186,58,128,61,17,44,61,114,37,6,54,46,217,7022602
Pat Connaughton,32,MIL,SG,177,81,96,31,19,90,109,70,9,11,24,45,216,9423869
GG Jackson II,20,MEM,PF,199,95,104,40,27,65,92,29,12,5,31,30,209,2221677
Herbert Jones,26,NOP,SF,172,72,100,40,22,56,78,65,37,9,35,66,205,13937574
Larry Nance Jr.,32,ATL,PF,155,76,79,13,23,80,103,38,20,13,16,37,203,2296274
Olivier-Maxence Prosper,22,DAL,PF,174,51,123,76,44,82,126,40,26,6,14,28,201,1002360
Jock Landale,29,HOU,C,152,26,126,40,56,81,137,37,13,10,21,49,200,10296274
Jalen Pickett,25,DEN,SG,180,101,79,8,15,56,71,107,19,5,24,38,200,2221677
Mouhamed Gueye,22,ATL,PF,171,81,90,42,44,95,139,27,28,33,15,55,197,2221677
Collin Gillespie,25,PHO,PG,158,90,68,22,22,56,78,78,21,5,17,30,194,2296274
Duop Reath,28,POR,C,166,106,60,22,44,48,92,26,12,14,16,41,194,2221677
Craig Porter Jr.,24,CLE,PG,140,48,92,32,19,48,67,71,17,15,38,25,188,2221677
Jae'Sean Tate,29,HOU,SF,148,46,102,47,50,67,117,47,26,7,22,82,188,2296274
Zeke Nnaji,24,DEN,PF,141,52,89,44,33,57,90,23,25,38,14,62,184,8177778
Paul Reed,25,DET,C,142,28,114,42,40,83,123,44,39,25,26,75,184,5335894
Tre Mann,23,CHO,PG,161,60,101,21,12,26,38,39,7,4,25,24,183,8000000
Vince Williams Jr.,24,MEM,SG,167,95,72,24,22,76,98,55,12,7,33,45,179,2301587
Dante Exum,29,DAL,PG,134,53,81,31,4,29,33,56,12,3,22,34,174,2296274
Jeff Green,38,HOU,PF,121,79,42,26,11,47,58,20,6,4,9,32,172,2296274
Jaylon Tyson,22,CLE,SG,149,58,91,24,37,59,96,44,13,3,26,50,167,3492480
Grant Williams,26,CHO,PF,123,74,49,37,18,64,82,37,18,13,28,46,166,13645500
Jaylen Clark,23,MIN,SG,120,51,69,37,26,27,53,26,36,2,8,61,163,2191897
Jordan Goodwin,26,LAL,PG,144,68,76,11,38,74,112,42,30,11,26,43,161,2349578
Rayan Rupert,20,POR,SG,142,59,83,30,26,44,70,25,16,4,30,37,155,2221677
Jevon Carter,29,CHI,PG,146,105,41,10,4,35,39,40,13,3,11,15,153,6809524
Bones Hyland,24,2TM,PG,118,82,36,26,5,20,25,32,18,4,25,29,149,2296274
Doug McDermott,33,SAC,SF,117,101,16,5,3,19,22,7,4,2,6,30,147,2296274
Jarred Vanderbilt,25,LAL,PF,121,32,89,36,68,114,182,41,35,10,29,67,147,11571429
Gary Harris,30,ORL,SG,133,101,32,12,20,44,64,30,26,12,17,45,145,3634153
Bismack Biyombo,32,SAS,C,114,0,114,25,43,115,158,31,16,23,27,52,144,2296274
Ousmane Dieng,21,OKC,C,125,71,54,16,18,63,81,31,17,7,18,33,142,6670882
Devin Carter,22,SAC,PG,127,61,66,44,19,57,76,41,21,4,18,39,138,4923720
Luka Garza,26,MIN,C,105,36,69,35,31,23,54,11,6,3,12,29,138,2461463
Kyle Lowry,38,PHI,PG,117,88,29,33,11,56,67,96,33,11,21,62,138,2296274
Terrence Shannon Jr.,24,MIN,SG,114,31,83,21,10,37,47,32,7,5,15,27,138,2674080
Marvin Bagley III,25,2TM,PF,106,19,87,35,38,46,84,11,9,8,12,18,136,2296274
Dillon Jones,23,OKC,SF,133,63,70,28,30,91,121,58,16,4,28,54,135,2753280
Isaac Jones,24,SAC,PF,83,8,75,36,22,35,57,12,5,10,16,30,134,1955377
Hunter Tyson,24,DEN,PF,120,74,46,28,25,53,78,20,10,6,14,44,134,2221677
Anthony Gill,32,WAS,PF,88,31,57,50,18,48,66,16,9,2,10,30,129,2296274
Kevin Love,36,MIA,PF,115,67,48,23,22,72,94,22,15,4,14,21,122,4150000
Josh Minott,22,MIN,SF,90,43,47,19,12,35,47,18,15,12,11,34,119,2378870
Robert Williams,27,POR,C,78,3,75,17,35,83,118,21,13,33,17,31,116,13285713
Dariq Whitehead,20,BRK,SF,96,74,22,5,4,25,29,12,6,1,15,22,114,3262560
Dwight Powell,33,DAL,C,61,5,56,43,47,71,118,55,18,21,18,75,114,4000000
Baylor Scheierman,24,BOS,SG,110,82,28,12,19,46,65,33,17,2,12,22,113,2619000
John Konchar,28,MEM,SG,91,62,29,8,37,114,151,42,30,14,16,32,112,6165000
Matisse Thybulle,27,POR,SG,88,48,40,15,14,38,52,28,33,9,13,14,112,11550000
Drew Timme,24,BRK,PF,102,35,67,16,17,48,65,20,4,1,15,21,109,1955377
Jaden Springer,22,2TM,PG,90,48,42,38,17,41,58,33,24,4,16,42,109,70732
Cam Spencer,24,MEM,SG,82,52,30,19,12,18,30,34,9,1,6,23,106,2537989
Johnny Furphy,20,IND,SG,92,50,42,22,23,48,71,19,18,11,12,41,103,1955377
Maxi Kleber,33,DAL,PF,96,49,47,21,25,70,95,43,9,17,23,66,103,11000000
Jericho Sims,26,2TM,C,71,0,71,13,71,126,197,33,10,19,33,65,98,2461463
Jordan McLaughlin,28,2TM,PG,72,46,26,22,6,24,30,51,16,1,16,18,98,2296274
Mitchell Robinson,26,NYK,C,56,0,56,19,52,49,101,13,16,18,10,26,87,12954546
Dru Smith,27,MIA,SG,61,30,31,12,12,24,36,23,21,6,17,30,87,2378870
Jordan Walsh,20,BOS,PF,83,55,28,12,23,46,69,19,12,11,17,30,82,2221677
Tyler Kolek,23,NYK,PG,82,47,35,17,8,19,27,70,12,4,18,26,81,2191897
Kobe Brown,25,LAC,PF,72,26,46,7,19,46,65,24,7,4,12,23,77,2654880
Tyler Smith,20,MIL,PF,50,30,20,8,6,19,25,4,3,4,8,11,67,1955377
Bronny James,20,LAL,SG,67,32,35,14,4,14,18,22,9,3,13,13,62,1955377
De'Anthony Melton,26,GSW,SG,54,35,19,8,6,14,20,17,7,2,10,18,62,3080921
Tony Bradley,27,IND,C,45,3,42,6,18,24,42,6,2,9,5,11,61,2940876
Dario Šarić,30,DEN,C,58,26,32,10,14,36,50,23,7,1,15,19,56,5426400
Kobe Bufkin,21,ATL,SG,47,19,28,18,5,16,21,17,3,2,8,9,53,4503720
Garrett Temple,38,TOR,SG,60,28,32,12,9,20,29,31,17,2,10,23,53,2296274
Chuma Okeke,26,2TM,PF,40,28,12,3,21,26,47,15,5,4,3,5,53,2546675
Ariel Hukporti,22,NYK,C,31,0,31,13,14,37,51,11,1,15,21,32,48,1955377
Keshad Johnson,23,MIA,SF,26,7,19,9,6,22,28,4,5,4,4,11,43,1955377
Isaiah Jackson,23,IND,C,23,0,23,14,11,17,28,5,3,8,5,14,35,7600000
Xavier Tillman Sr.,26,BOS,C,53,32,21,4,10,33,43,7,11,5,14,18,34,2546675
JD Davison,22,BOS,PG,34,18,16,7,2,11,13,13,5,1,13,2,33,2270735
Pacome Dadiet,19,NYK,SG,31,19,12,6,3,15,18,5,3,2,4,7,30,2847600
N'Faly Dante,23,HOU,C,13,0,13,5,6,15,21,2,1,5,2,9,24,2048494
E.J. Liddell,24,CHI,PF,15,10,5,2,3,6,9,3,1,1,2,11,21,706898
Leonard Miller,21,MIN,SF,15,5,10,8,3,8,11,0,2,1,2,2,20,2221677
Cam Christie,19,LAC,SG,24,13,11,4,3,9,12,6,5,1,2,4,18,1955377
Joe Ingles,37,MIN,SF,23,15,8,0,2,9,11,23,2,0,9,12,15,2296274
Bobi Klintman,21,DET,SF,10,5,5,2,1,6,7,7,2,1,1,8,15,1955377
Taylor Hendricks,21,UTA,PF,18,12,6,4,5,10,15,2,5,4,2,8,14,6127080
P.J. Tucker,39,NYK,SF,7,6,1,0,4,4,8,0,1,1,1,8,9,3468960
James Wiseman,23,IND,C,4,1,3,2,0,1,1,0,0,0,0,0,6,1000000